,Cars,Make,Model,Year
0,Aston_Martin~DB11~2017,Aston_Martin,DB11,2017
1,Aston_Martin~DB11~2019,Aston_Martin,DB11,2019
2,Aston_Martin~DBS~2019,Aston_Martin,DBS,2019
3,Audi~A1~2015,Audi,A1,2015
4,Audi~A1~2016,Audi,A1,2016
5,Audi~A1~2017,Audi,A1,2017
6,Audi~A1~2018,Audi,A1,2018
7,Audi~A1~2019,Audi,A1,2019
8,Audi~A3 Cabriolet~2015,Audi,A3 Cabriolet,2015
9,Audi~A3 Cabriolet~2016,Audi,A3 Cabriolet,2016
10,Audi~A3 Cabriolet~2017,Audi,A3 Cabriolet,2017
11,Audi~A3~2015,Audi,A3,2015
12,Audi~A3~2016,Audi,A3,2016
13,Audi~A3~2017,Audi,A3,2017
14,Audi~A3~2018,Audi,A3,2018
15,Audi~A4 Allroad~2015,Audi,A4 Allroad,2015
16,Audi~A4 Allroad~2017,Audi,A4 Allroad,2017
17,Audi~A4 Avant~2015,Audi,A4 Avant,2015
18,Audi~A4 Avant~2016,Audi,A4 Avant,2016
19,Audi~A4 Avant~2017,Audi,A4 Avant,2017
20,Audi~A4 Avant~2018,Audi,A4 Avant,2018
21,Audi~A4 Avant~2019,Audi,A4 Avant,2019
22,Audi~A4~2019,Audi,A4,2019
23,Audi~A5 Cabriolet~2015,Audi,A5 Cabriolet,2015
24,Audi~A5 Cabriolet~2017,Audi,A5 Cabriolet,2017
25,Audi~A5 Cabriolet~2018,Audi,A5 Cabriolet,2018
26,Audi~A5 Cabriolet~2019,Audi,A5 Cabriolet,2019
27,Audi~A5~2015,Audi,A5,2015
28,Audi~A5~2019,Audi,A5,2019
29,Audi~A6 Allroad~2015,Audi,A6 Allroad,2015
30,Audi~A6 Allroad~2016,Audi,A6 Allroad,2016
31,Audi~A6 Allroad~2017,Audi,A6 Allroad,2017
32,Audi~A6 Avant~2015,Audi,A6 Avant,2015
33,Audi~A6 Avant~2016,Audi,A6 Avant,2016
34,Audi~A6 Avant~2017,Audi,A6 Avant,2017
35,Audi~A6 Avant~2018,Audi,A6 Avant,2018
36,Audi~A6 Saloon~2015,Audi,A6 Saloon,2015
37,Audi~A6 Saloon~2016,Audi,A6 Saloon,2016
38,Audi~A6 Saloon~2017,Audi,A6 Saloon,2017
39,Audi~A6 Saloon~2018,Audi,A6 Saloon,2018
40,Audi~A6 Unspecified~2016,Audi,A6 Unspecified,2016
41,Audi~A6 Unspecified~2017,Audi,A6 Unspecified,2017
42,Audi~A6~2019,Audi,A6,2019
43,Audi~A7~2015,Audi,A7,2015
44,Audi~A7~2016,Audi,A7,2016
45,Audi~A7~2017,Audi,A7,2017
46,Audi~A7~2018,Audi,A7,2018
47,Audi~A7~2019,Audi,A7,2019
48,Audi~A8~2015,Audi,A8,2015
49,Audi~A8~2016,Audi,A8,2016
50,Audi~A8~2017,Audi,A8,2017
51,Audi~A8~2018,Audi,A8,2018
52,Audi~A8~2019,Audi,A8,2019
53,Audi~Q2~2017,Audi,Q2,2017
54,Audi~Q2~2018,Audi,Q2,2018
55,Audi~Q2~2019,Audi,Q2,2019
56,Audi~Q3~2015,Audi,Q3,2015
57,Audi~Q3~2016,Audi,Q3,2016
58,Audi~Q3~2017,Audi,Q3,2017
59,Audi~Q3~2018,Audi,Q3,2018
60,Audi~Q3~2019,Audi,Q3,2019
61,Audi~Q5~2015,Audi,Q5,2015
62,Audi~Q5~2016,Audi,Q5,2016
63,Audi~Q5~2017,Audi,Q5,2017
64,Audi~Q5~2018,Audi,Q5,2018
65,Audi~Q5~2019,Audi,Q5,2019
66,Audi~Q7~2015,Audi,Q7,2015
67,Audi~Q7~2016,Audi,Q7,2016
68,Audi~Q7~2017,Audi,Q7,2017
69,Audi~Q7~2018,Audi,Q7,2018
70,Audi~Q7~2019,Audi,Q7,2019
71,Audi~R8~2015,Audi,R8,2015
72,Audi~R8~2016,Audi,R8,2016
73,Audi~R8~2019,Audi,R8,2019
74,Audi~RS Q3~2015,Audi,RS Q3,2015
75,Audi~RS3~2015,Audi,RS3,2015
76,Audi~RS3~2016,Audi,RS3,2016
77,Audi~RS3~2017,Audi,RS3,2017
78,Audi~RS3~2018,Audi,RS3,2018
79,Audi~RS3~2019,Audi,RS3,2019
80,Audi~RS4 Avant~2015,Audi,RS4 Avant,2015
81,Audi~RS4 Avant~2018,Audi,RS4 Avant,2018
82,Audi~RS4 Avant~2019,Audi,RS4 Avant,2019
83,Audi~RS5~2015,Audi,RS5,2015
84,Audi~RS5~2017,Audi,RS5,2017
85,Audi~RS5~2018,Audi,RS5,2018
86,Audi~RS5~2019,Audi,RS5,2019
87,Audi~RS6 Avant~2015,Audi,RS6 Avant,2015
88,Audi~RS6 Avant~2016,Audi,RS6 Avant,2016
89,Audi~RS6 Avant~2017,Audi,RS6 Avant,2017
90,Audi~RS7~2015,Audi,RS7,2015
91,Audi~RS7~2017,Audi,RS7,2017
92,Audi~S1~2015,Audi,S1,2015
93,Audi~S1~2016,Audi,S1,2016
94,Audi~S1~2017,Audi,S1,2017
95,Audi~S3~2016,Audi,S3,2016
96,Audi~S3~2017,Audi,S3,2017
97,Audi~S3~2018,Audi,S3,2018
98,Audi~S3~2019,Audi,S3,2019
99,Audi~S4 Avant~2017,Audi,S4 Avant,2017
100,Audi~S4~2015,Audi,S4,2015
101,Audi~S4~2017,Audi,S4,2017
102,Audi~S5~2015,Audi,S5,2015
103,Audi~S5~2016,Audi,S5,2016
104,Audi~S5~2017,Audi,S5,2017
105,Audi~S5~2018,Audi,S5,2018
106,Audi~S7~2015,Audi,S7,2015
107,Audi~S8~2015,Audi,S8,2015
108,Audi~SQ5~2015,Audi,SQ5,2015
109,Audi~SQ5~2016,Audi,SQ5,2016
110,Audi~SQ5~2017,Audi,SQ5,2017
111,Audi~SQ5~2018,Audi,SQ5,2018
112,Audi~SQ5~2019,Audi,SQ5,2019
113,Audi~SQ7~2017,Audi,SQ7,2017
114,Audi~TT RS~2016,Audi,TT RS,2016
115,Audi~TT RS~2019,Audi,TT RS,2019
116,Audi~TTS~2015,Audi,TTS,2015
117,Audi~TTS~2016,Audi,TTS,2016
118,Audi~TTS~2017,Audi,TTS,2017
119,Audi~TTS~2019,Audi,TTS,2019
120,Audi~TT~2015,Audi,TT,2015
121,Audi~TT~2016,Audi,TT,2016
122,Audi~TT~2019,Audi,TT,2019
123,BMW~1 Series~2015,BMW,1 Series,2015
124,BMW~1 Series~2016,BMW,1 Series,2016
125,BMW~1 Series~2017,BMW,1 Series,2017
126,BMW~1 Series~2018,BMW,1 Series,2018
127,BMW~1 Series~2019,BMW,1 Series,2019
128,BMW~2 Series Active Tourer~2015,BMW,2 Series Active Tourer,2015
129,BMW~2 Series Active Tourer~2016,BMW,2 Series Active Tourer,2016
130,BMW~2 Series Active Tourer~2017,BMW,2 Series Active Tourer,2017
131,BMW~2 Series Active Tourer~2018,BMW,2 Series Active Tourer,2018
132,BMW~2 Series Active Tourer~2019,BMW,2 Series Active Tourer,2019
133,BMW~2 Series Gran Tourer~2015,BMW,2 Series Gran Tourer,2015
134,BMW~2 Series Gran Tourer~2016,BMW,2 Series Gran Tourer,2016
135,BMW~2 Series Gran Tourer~2017,BMW,2 Series Gran Tourer,2017
136,BMW~2 Series Gran Tourer~2018,BMW,2 Series Gran Tourer,2018
137,BMW~2 Series Gran Tourer~2019,BMW,2 Series Gran Tourer,2019
138,BMW~2 Series~2015,BMW,2 Series,2015
139,BMW~2 Series~2016,BMW,2 Series,2016
140,BMW~2 Series~2017,BMW,2 Series,2017
141,BMW~2 Series~2018,BMW,2 Series,2018
142,BMW~2 Series~2019,BMW,2 Series,2019
143,BMW~3 Series Gran Turismo~2015,BMW,3 Series Gran Turismo,2015
144,BMW~3 Series Gran Turismo~2017,BMW,3 Series Gran Turismo,2017
145,BMW~3 Series~2019,BMW,3 Series,2019
146,BMW~4 Series Gran Coupe~2015,BMW,4 Series Gran Coupe,2015
147,BMW~4 Series Gran Coupe~2016,BMW,4 Series Gran Coupe,2016
148,BMW~4 Series Gran Coupe~2017,BMW,4 Series Gran Coupe,2017
149,BMW~4 Series Gran Coupe~2018,BMW,4 Series Gran Coupe,2018
150,BMW~4 Series Gran Coupe~2019,BMW,4 Series Gran Coupe,2019
151,BMW~4 Series~2019,BMW,4 Series,2019
152,BMW~5 Series Gran Turismo~2015,BMW,5 Series Gran Turismo,2015
153,BMW~5 Series Gran Turismo~2016,BMW,5 Series Gran Turismo,2016
154,BMW~5 Series~2015,BMW,5 Series,2015
155,BMW~5 Series~2016,BMW,5 Series,2016
156,BMW~5 Series~2017,BMW,5 Series,2017
157,BMW~5 Series~2018,BMW,5 Series,2018
158,BMW~5 Series~2019,BMW,5 Series,2019
159,BMW~6 Series Gran Coupe~2015,BMW,6 Series Gran Coupe,2015
160,BMW~6 Series Gran Coupe~2016,BMW,6 Series Gran Coupe,2016
161,BMW~6 Series Gran Coupe~2017,BMW,6 Series Gran Coupe,2017
162,BMW~6 Series Gran Coupe~2018,BMW,6 Series Gran Coupe,2018
163,BMW~6 Series Gran Turismo~2017,BMW,6 Series Gran Turismo,2017
164,BMW~6 Series Gran Turismo~2019,BMW,6 Series Gran Turismo,2019
165,BMW~7 Series~2015,BMW,7 Series,2015
166,BMW~7 Series~2016,BMW,7 Series,2016
167,BMW~7 Series~2017,BMW,7 Series,2017
168,BMW~7 Series~2018,BMW,7 Series,2018
169,BMW~7 Series~2019,BMW,7 Series,2019
170,BMW~M2~2016,BMW,M2,2016
171,BMW~M2~2017,BMW,M2,2017
172,BMW~M2~2018,BMW,M2,2018
173,BMW~M2~2019,BMW,M2,2019
174,BMW~M3~2015,BMW,M3,2015
175,BMW~M3~2016,BMW,M3,2016
176,BMW~M3~2017,BMW,M3,2017
177,BMW~M4~2015,BMW,M4,2015
178,BMW~M4~2016,BMW,M4,2016
179,BMW~M4~2017,BMW,M4,2017
180,BMW~M4~2018,BMW,M4,2018
181,BMW~M4~2019,BMW,M4,2019
182,BMW~M5~2015,BMW,M5,2015
183,BMW~M5~2016,BMW,M5,2016
184,BMW~M5~2019,BMW,M5,2019
185,BMW~X1~2015,BMW,X1,2015
186,BMW~X1~2016,BMW,X1,2016
187,BMW~X1~2017,BMW,X1,2017
188,BMW~X1~2018,BMW,X1,2018
189,BMW~X1~2019,BMW,X1,2019
190,BMW~X2~2019,BMW,X2,2019
191,BMW~X3~2015,BMW,X3,2015
192,BMW~X3~2016,BMW,X3,2016
193,BMW~X3~2017,BMW,X3,2017
194,BMW~X3~2018,BMW,X3,2018
195,BMW~X3~2019,BMW,X3,2019
196,BMW~X4~2015,BMW,X4,2015
197,BMW~X4~2016,BMW,X4,2016
198,BMW~X4~2017,BMW,X4,2017
199,BMW~X4~2019,BMW,X4,2019
200,BMW~X5M~2016,BMW,X5M,2016
201,BMW~X5~2015,BMW,X5,2015
202,BMW~X5~2016,BMW,X5,2016
203,BMW~X5~2017,BMW,X5,2017
204,BMW~X5~2018,BMW,X5,2018
205,BMW~X5~2019,BMW,X5,2019
206,BMW~X6~2015,BMW,X6,2015
207,BMW~X6~2016,BMW,X6,2016
208,BMW~X6~2017,BMW,X6,2017
209,BMW~X6~2018,BMW,X6,2018
210,BMW~X6~2019,BMW,X6,2019
211,BMW~Z4~2019,BMW,Z4,2019
212,BMW~i3~2015,BMW,i3,2015
213,BMW~i3~2016,BMW,i3,2016
214,BMW~i3~2017,BMW,i3,2017
215,BMW~i3~2019,BMW,i3,2019
216,BMW~i8~2015,BMW,i8,2015
217,BMW~i8~2016,BMW,i8,2016
218,BMW~i8~2017,BMW,i8,2017
219,BMW~i8~2019,BMW,i8,2019
220,Bentley~Bentayga~2016,Bentley,Bentayga,2016
221,Bentley~Bentayga~2017,Bentley,Bentayga,2017
222,Bentley~Bentayga~2018,Bentley,Bentayga,2018
223,Bentley~Bentayga~2019,Bentley,Bentayga,2019
224,Bentley~Continental~2015,Bentley,Continental,2015
225,Bentley~Continental~2016,Bentley,Continental,2016
226,Bentley~Continental~2017,Bentley,Continental,2017
227,Bentley~Continental~2018,Bentley,Continental,2018
228,Bentley~Continental~2019,Bentley,Continental,2019
229,Bentley~Mulsanne~2015,Bentley,Mulsanne,2015
230,Bentley~Mulsanne~2016,Bentley,Mulsanne,2016
231,Bentley~Mulsanne~2018,Bentley,Mulsanne,2018
232,Chevrolet~Corvette~2015,Chevrolet,Corvette,2015
233,Ferrari~458~2015,Ferrari,458,2015
234,Ferrari~488~2016,Ferrari,488,2016
235,Ferrari~488~2017,Ferrari,488,2017
236,Ferrari~812 Superfast~2019,Ferrari,812 Superfast,2019
237,Ferrari~California~2015,Ferrari,California,2015
238,Ferrari~California~2016,Ferrari,California,2016
239,Ferrari~F12berlinetta~2015,Ferrari,F12berlinetta,2015
240,Ferrari~Gtc4lusso~2017,Ferrari,Gtc4lusso,2017
241,Ferrari~Gtc4lusso~2019,Ferrari,Gtc4lusso,2019
242,Ford~B-Max~2015,Ford,B-Max,2015
243,Ford~B-Max~2016,Ford,B-Max,2016
244,Ford~B-Max~2017,Ford,B-Max,2017
245,Ford~C-Max~2015,Ford,C-Max,2015
246,Ford~C-Max~2016,Ford,C-Max,2016
247,Ford~C-Max~2017,Ford,C-Max,2017
248,Ford~C-Max~2018,Ford,C-Max,2018
249,Ford~C-Max~2019,Ford,C-Max,2019
250,Ford~EcoSport~2015,Ford,EcoSport,2015
251,Ford~EcoSport~2016,Ford,EcoSport,2016
252,Ford~EcoSport~2017,Ford,EcoSport,2017
253,Ford~EcoSport~2018,Ford,EcoSport,2018
254,Ford~EcoSport~2019,Ford,EcoSport,2019
255,Ford~Edge~2016,Ford,Edge,2016
256,Ford~Edge~2017,Ford,Edge,2017
257,Ford~Edge~2018,Ford,Edge,2018
258,Ford~Edge~2019,Ford,Edge,2019
259,Ford~Fiesta~2015,Ford,Fiesta,2015
260,Ford~Fiesta~2016,Ford,Fiesta,2016
261,Ford~Fiesta~2017,Ford,Fiesta,2017
262,Ford~Fiesta~2018,Ford,Fiesta,2018
263,Ford~Fiesta~2019,Ford,Fiesta,2019
264,Ford~Focus~2015,Ford,Focus,2015
265,Ford~Focus~2016,Ford,Focus,2016
266,Ford~Focus~2017,Ford,Focus,2017
267,Ford~Focus~2018,Ford,Focus,2018
268,Ford~Focus~2019,Ford,Focus,2019
269,Ford~Galaxy~2015,Ford,Galaxy,2015
270,Ford~Galaxy~2016,Ford,Galaxy,2016
271,Ford~Galaxy~2017,Ford,Galaxy,2017
272,Ford~Grand C-Max~2015,Ford,Grand C-Max,2015
273,Ford~Grand C-Max~2016,Ford,Grand C-Max,2016
274,Ford~Grand C-Max~2017,Ford,Grand C-Max,2017
275,Ford~Grand C-Max~2018,Ford,Grand C-Max,2018
276,Ford~Grand C-Max~2019,Ford,Grand C-Max,2019
277,Ford~Grand Tourneo Connect~2015,Ford,Grand Tourneo Connect,2015
278,Ford~Ka+~2016,Ford,Ka+,2016
279,Ford~Ka+~2017,Ford,Ka+,2017
280,Ford~Ka+~2018,Ford,Ka+,2018
281,Ford~Ka+~2019,Ford,Ka+,2019
282,Ford~Ka~2015,Ford,Ka,2015
283,Ford~Ka~2019,Ford,Ka,2019
284,Ford~Kuga~2015,Ford,Kuga,2015
285,Ford~Kuga~2016,Ford,Kuga,2016
286,Ford~Kuga~2017,Ford,Kuga,2017
287,Ford~Kuga~2018,Ford,Kuga,2018
288,Ford~Kuga~2019,Ford,Kuga,2019
289,Ford~Mondeo~2015,Ford,Mondeo,2015
290,Ford~Mondeo~2016,Ford,Mondeo,2016
291,Ford~Mondeo~2017,Ford,Mondeo,2017
292,Ford~Mondeo~2018,Ford,Mondeo,2018
293,Ford~Mondeo~2019,Ford,Mondeo,2019
294,Ford~Mustang~2015,Ford,Mustang,2015
295,Ford~Mustang~2016,Ford,Mustang,2016
296,Ford~Mustang~2017,Ford,Mustang,2017
297,Ford~Mustang~2018,Ford,Mustang,2018
298,Ford~Mustang~2019,Ford,Mustang,2019
299,Ford~Ranger~2015,Ford,Ranger,2015
300,Ford~Ranger~2016,Ford,Ranger,2016
301,Ford~Ranger~2017,Ford,Ranger,2017
302,Ford~Ranger~2018,Ford,Ranger,2018
303,Ford~Ranger~2019,Ford,Ranger,2019
304,Ford~S-Max~2015,Ford,S-Max,2015
305,Ford~S-Max~2016,Ford,S-Max,2016
306,Ford~S-Max~2017,Ford,S-Max,2017
307,Ford~S-Max~2018,Ford,S-Max,2018
308,Ford~S-Max~2019,Ford,S-Max,2019
309,Ford~Tourneo Connect~2015,Ford,Tourneo Connect,2015
310,Ford~Tourneo Connect~2019,Ford,Tourneo Connect,2019
311,Ford~Tourneo Custom~2015,Ford,Tourneo Custom,2015
312,Ford~Tourneo Custom~2016,Ford,Tourneo Custom,2016
313,Ford~Tourneo Custom~2017,Ford,Tourneo Custom,2017
314,Ford~Tourneo Custom~2019,Ford,Tourneo Custom,2019
315,Ford~Transit Connect~2019,Ford,Transit Connect,2019
316,Ford~Transit Custom~2015,Ford,Transit Custom,2015
317,Ford~Transit Custom~2016,Ford,Transit Custom,2016
318,Ford~Transit Custom~2017,Ford,Transit Custom,2017
319,Ford~Transit Custom~2018,Ford,Transit Custom,2018
320,Ford~Transit Custom~2019,Ford,Transit Custom,2019
321,Honda~CR-V~2015,Honda,CR-V,2015
322,Honda~CR-V~2016,Honda,CR-V,2016
323,Honda~CR-V~2017,Honda,CR-V,2017
324,Honda~CR-V~2018,Honda,CR-V,2018
325,Honda~CR-V~2019,Honda,CR-V,2019
326,Honda~Civic~2019,Honda,Civic,2019
327,Honda~HR-V~2015,Honda,HR-V,2015
328,Honda~HR-V~2016,Honda,HR-V,2016
329,Honda~HR-V~2017,Honda,HR-V,2017
330,Honda~HR-V~2018,Honda,HR-V,2018
331,Honda~HR-V~2019,Honda,HR-V,2019
332,Honda~Jazz~2015,Honda,Jazz,2015
333,Honda~Jazz~2016,Honda,Jazz,2016
334,Honda~Jazz~2017,Honda,Jazz,2017
335,Honda~Jazz~2019,Honda,Jazz,2019
336,Honda~NSX~2017,Honda,NSX,2017
337,Hyundai~Ioniq~2016,Hyundai,Ioniq,2016
338,Hyundai~Ioniq~2017,Hyundai,Ioniq,2017
339,Hyundai~Ioniq~2018,Hyundai,Ioniq,2018
340,Hyundai~Ioniq~2019,Hyundai,Ioniq,2019
341,Hyundai~Kona~2017,Hyundai,Kona,2017
342,Hyundai~Kona~2018,Hyundai,Kona,2018
343,Hyundai~Kona~2019,Hyundai,Kona,2019
344,Hyundai~Santa Fe~2015,Hyundai,Santa Fe,2015
345,Hyundai~Santa Fe~2016,Hyundai,Santa Fe,2016
346,Hyundai~Santa Fe~2017,Hyundai,Santa Fe,2017
347,Hyundai~Santa Fe~2018,Hyundai,Santa Fe,2018
348,Hyundai~Santa Fe~2019,Hyundai,Santa Fe,2019
349,Hyundai~Tucson~2015,Hyundai,Tucson,2015
350,Hyundai~Tucson~2016,Hyundai,Tucson,2016
351,Hyundai~Tucson~2017,Hyundai,Tucson,2017
352,Hyundai~Tucson~2018,Hyundai,Tucson,2018
353,Hyundai~Tucson~2019,Hyundai,Tucson,2019
354,Hyundai~i10~2015,Hyundai,i10,2015
355,Hyundai~i10~2016,Hyundai,i10,2016
356,Hyundai~i10~2017,Hyundai,i10,2017
357,Hyundai~i10~2018,Hyundai,i10,2018
358,Hyundai~i10~2019,Hyundai,i10,2019
359,Hyundai~i20~2015,Hyundai,i20,2015
360,Hyundai~i20~2016,Hyundai,i20,2016
361,Hyundai~i20~2017,Hyundai,i20,2017
362,Hyundai~i20~2018,Hyundai,i20,2018
363,Hyundai~i20~2019,Hyundai,i20,2019
364,Hyundai~i30~2015,Hyundai,i30,2015
365,Hyundai~i30~2016,Hyundai,i30,2016
366,Hyundai~i30~2017,Hyundai,i30,2017
367,Hyundai~i30~2018,Hyundai,i30,2018
368,Hyundai~i30~2019,Hyundai,i30,2019
369,Hyundai~i40~2015,Hyundai,i40,2015
370,Hyundai~i40~2016,Hyundai,i40,2016
371,Hyundai~i40~2017,Hyundai,i40,2017
372,Hyundai~i40~2018,Hyundai,i40,2018
373,Hyundai~i800~2016,Hyundai,i800,2016
374,Hyundai~i800~2017,Hyundai,i800,2017
375,Hyundai~ix20~2015,Hyundai,ix20,2015
376,Hyundai~ix20~2016,Hyundai,ix20,2016
377,Hyundai~ix20~2017,Hyundai,ix20,2017
378,Hyundai~ix20~2018,Hyundai,ix20,2018
379,Hyundai~ix20~2019,Hyundai,ix20,2019
380,Hyundai~ix35~2015,Hyundai,ix35,2015
381,Infiniti~Q30~2016,Infiniti,Q30,2016
382,Infiniti~Q30~2017,Infiniti,Q30,2017
383,Infiniti~Q50~2015,Infiniti,Q50,2015
384,Infiniti~Q50~2016,Infiniti,Q50,2016
385,Infiniti~Q50~2017,Infiniti,Q50,2017
386,Infiniti~Q50~2018,Infiniti,Q50,2018
387,Infiniti~Q60~2017,Infiniti,Q60,2017
388,Infiniti~Q70~2016,Infiniti,Q70,2016
389,Infiniti~Q70~2017,Infiniti,Q70,2017
390,Infiniti~QX30~2017,Infiniti,QX30,2017
391,Isuzu~D-Max~2015,Isuzu,D-Max,2015
392,Isuzu~D-Max~2016,Isuzu,D-Max,2016
393,Isuzu~D-Max~2017,Isuzu,D-Max,2017
394,Isuzu~D-Max~2018,Isuzu,D-Max,2018
395,Isuzu~D-Max~2019,Isuzu,D-Max,2019
396,Jaguar~E-PACE~2017,Jaguar,E-PACE,2017
397,Jaguar~E-PACE~2018,Jaguar,E-PACE,2018
398,Jaguar~E-PACE~2019,Jaguar,E-PACE,2019
399,Jaguar~F-PACE~2016,Jaguar,F-PACE,2016
400,Jaguar~F-PACE~2017,Jaguar,F-PACE,2017
401,Jaguar~F-PACE~2018,Jaguar,F-PACE,2018
402,Jaguar~F-PACE~2019,Jaguar,F-PACE,2019
403,Jaguar~F-Type~2015,Jaguar,F-Type,2015
404,Jaguar~F-Type~2016,Jaguar,F-Type,2016
405,Jaguar~F-Type~2017,Jaguar,F-Type,2017
406,Jaguar~F-Type~2018,Jaguar,F-Type,2018
407,Jaguar~F-Type~2019,Jaguar,F-Type,2019
408,Jaguar~XE~2015,Jaguar,XE,2015
409,Jaguar~XE~2016,Jaguar,XE,2016
410,Jaguar~XE~2017,Jaguar,XE,2017
411,Jaguar~XE~2018,Jaguar,XE,2018
412,Jaguar~XE~2019,Jaguar,XE,2019
413,Jaguar~XF~2015,Jaguar,XF,2015
414,Jaguar~XF~2016,Jaguar,XF,2016
415,Jaguar~XF~2017,Jaguar,XF,2017
416,Jaguar~XF~2018,Jaguar,XF,2018
417,Jaguar~XF~2019,Jaguar,XF,2019
418,Jaguar~XJ~2015,Jaguar,XJ,2015
419,Jaguar~XJ~2016,Jaguar,XJ,2016
420,Jaguar~XJ~2017,Jaguar,XJ,2017
421,Jaguar~XJ~2018,Jaguar,XJ,2018
422,Jaguar~XJ~2019,Jaguar,XJ,2019
423,Jeep~Cherokee~2015,Jeep,Cherokee,2015
424,Jeep~Cherokee~2016,Jeep,Cherokee,2016
425,Jeep~Cherokee~2017,Jeep,Cherokee,2017
426,Jeep~Cherokee~2018,Jeep,Cherokee,2018
427,Jeep~Compass~2018,Jeep,Compass,2018
428,Jeep~Compass~2019,Jeep,Compass,2019
429,Jeep~Grand Cherokee~2015,Jeep,Grand Cherokee,2015
430,Jeep~Grand Cherokee~2016,Jeep,Grand Cherokee,2016
431,Jeep~Grand Cherokee~2017,Jeep,Grand Cherokee,2017
432,Jeep~Grand Cherokee~2018,Jeep,Grand Cherokee,2018
433,Jeep~Grand Cherokee~2019,Jeep,Grand Cherokee,2019
434,Jeep~Renegade~2015,Jeep,Renegade,2015
435,Jeep~Renegade~2016,Jeep,Renegade,2016
436,Jeep~Renegade~2017,Jeep,Renegade,2017
437,Jeep~Renegade~2018,Jeep,Renegade,2018
438,Jeep~Renegade~2019,Jeep,Renegade,2019
439,Jeep~Wrangler~2015,Jeep,Wrangler,2015
440,Jeep~Wrangler~2019,Jeep,Wrangler,2019
441,Kia~Carens~2015,Kia,Carens,2015
442,Kia~Carens~2016,Kia,Carens,2016
443,Kia~Carens~2017,Kia,Carens,2017
444,Kia~Carens~2018,Kia,Carens,2018
445,Kia~Cee'd~2015,Kia,Cee'd,2015
446,Kia~Cee'd~2016,Kia,Cee'd,2016
447,Kia~Cee'd~2017,Kia,Cee'd,2017
448,Kia~Niro~2016,Kia,Niro,2016
449,Kia~Niro~2017,Kia,Niro,2017
450,Kia~Niro~2018,Kia,Niro,2018
451,Kia~Niro~2019,Kia,Niro,2019
452,Kia~Optima~2015,Kia,Optima,2015
453,Kia~Optima~2016,Kia,Optima,2016
454,Kia~Optima~2017,Kia,Optima,2017
455,Kia~Optima~2018,Kia,Optima,2018
456,Kia~Optima~2019,Kia,Optima,2019
457,Kia~Picanto~2015,Kia,Picanto,2015
458,Kia~Picanto~2016,Kia,Picanto,2016
459,Kia~Picanto~2017,Kia,Picanto,2017
460,Kia~Picanto~2019,Kia,Picanto,2019
461,Kia~Pro_Cee'd~2015,Kia,Pro_Cee'd,2015
462,Kia~Pro_Cee'd~2016,Kia,Pro_Cee'd,2016
463,Kia~Pro_Cee'd~2017,Kia,Pro_Cee'd,2017
464,Kia~Rio~2015,Kia,Rio,2015
465,Kia~Rio~2016,Kia,Rio,2016
466,Kia~Rio~2017,Kia,Rio,2017
467,Kia~Rio~2019,Kia,Rio,2019
468,Kia~Sorento~2015,Kia,Sorento,2015
469,Kia~Sorento~2016,Kia,Sorento,2016
470,Kia~Sorento~2017,Kia,Sorento,2017
471,Kia~Sorento~2018,Kia,Sorento,2018
472,Kia~Sorento~2019,Kia,Sorento,2019
473,Kia~Soul~2015,Kia,Soul,2015
474,Kia~Soul~2016,Kia,Soul,2016
475,Kia~Sportage~2015,Kia,Sportage,2015
476,Kia~Sportage~2016,Kia,Sportage,2016
477,Kia~Sportage~2017,Kia,Sportage,2017
478,Kia~Sportage~2018,Kia,Sportage,2018
479,Kia~Sportage~2019,Kia,Sportage,2019
480,Kia~Stinger~2017,Kia,Stinger,2017
481,Kia~Stinger~2019,Kia,Stinger,2019
482,Kia~Stonic~2017,Kia,Stonic,2017
483,Kia~Stonic~2018,Kia,Stonic,2018
484,Kia~Stonic~2019,Kia,Stonic,2019
485,Kia~Venga~2015,Kia,Venga,2015
486,Kia~Venga~2016,Kia,Venga,2016
487,Kia~Venga~2017,Kia,Venga,2017
488,Kia~Venga~2019,Kia,Venga,2019
489,Lamborghini~Aventador~2015,Lamborghini,Aventador,2015
490,Lamborghini~Aventador~2016,Lamborghini,Aventador,2016
491,Lamborghini~Aventador~2017,Lamborghini,Aventador,2017
492,Lamborghini~Aventador~2019,Lamborghini,Aventador,2019
493,Lamborghini~Huracan~2015,Lamborghini,Huracan,2015
494,Lamborghini~Huracan~2016,Lamborghini,Huracan,2016
495,Lamborghini~Huracan~2017,Lamborghini,Huracan,2017
496,Lamborghini~Huracan~2018,Lamborghini,Huracan,2018
497,Lamborghini~Huracan~2019,Lamborghini,Huracan,2019
498,Land_Rover~Defender 110~2015,Land_Rover,Defender 110,2015
499,Land_Rover~Defender 90~2015,Land_Rover,Defender 90,2015
500,Land_Rover~Discovery 4~2015,Land_Rover,Discovery 4,2015
501,Land_Rover~Discovery 4~2016,Land_Rover,Discovery 4,2016
502,Land_Rover~Discovery Sport~2015,Land_Rover,Discovery Sport,2015
503,Land_Rover~Discovery Sport~2016,Land_Rover,Discovery Sport,2016
504,Land_Rover~Discovery Sport~2017,Land_Rover,Discovery Sport,2017
505,Land_Rover~Discovery Sport~2018,Land_Rover,Discovery Sport,2018
506,Land_Rover~Discovery Sport~2019,Land_Rover,Discovery Sport,2019
507,Land_Rover~Discovery~2017,Land_Rover,Discovery,2017
508,Land_Rover~Discovery~2018,Land_Rover,Discovery,2018
509,Land_Rover~Discovery~2019,Land_Rover,Discovery,2019
510,Land_Rover~Range Rover Evoque~2019,Land_Rover,Range Rover Evoque,2019
511,Land_Rover~Range Rover Sport~2017,Land_Rover,Range Rover Sport,2017
512,Land_Rover~Range Rover Sport~2018,Land_Rover,Range Rover Sport,2018
513,Land_Rover~Range Rover Sport~2019,Land_Rover,Range Rover Sport,2019
514,Land_Rover~Range Rover Velar~2017,Land_Rover,Range Rover Velar,2017
515,Land_Rover~Range Rover Velar~2018,Land_Rover,Range Rover Velar,2018
516,Land_Rover~Range Rover Velar~2019,Land_Rover,Range Rover Velar,2019
517,Land_Rover~Range Rover~2015,Land_Rover,Range Rover,2015
518,Land_Rover~Range Rover~2016,Land_Rover,Range Rover,2016
519,Land_Rover~Range Rover~2017,Land_Rover,Range Rover,2017
520,Land_Rover~Range Rover~2018,Land_Rover,Range Rover,2018
521,Land_Rover~Range Rover~2019,Land_Rover,Range Rover,2019
522,Lexus~CT~2019,Lexus,CT,2019
523,Lexus~GS 300~2015,Lexus,GS 300,2015
524,Lexus~GS 300~2016,Lexus,GS 300,2016
525,Lexus~GS 300~2017,Lexus,GS 300,2017
526,Lexus~IS 300~2015,Lexus,IS 300,2015
527,Lexus~IS 300~2016,Lexus,IS 300,2016
528,Lexus~IS 300~2017,Lexus,IS 300,2017
529,Lexus~IS 300~2018,Lexus,IS 300,2018
530,Lexus~IS~2019,Lexus,IS,2019
531,Lexus~LC 500~2017,Lexus,LC 500,2017
532,Lexus~NX 200t~2015,Lexus,NX 200t,2015
533,Lexus~NX 300h~2015,Lexus,NX 300h,2015
534,Lexus~NX 300h~2016,Lexus,NX 300h,2016
535,Lexus~NX 300h~2017,Lexus,NX 300h,2017
536,Lexus~NX 300h~2018,Lexus,NX 300h,2018
537,Lexus~NX~2019,Lexus,NX,2019
538,Lexus~RC 300h~2016,Lexus,RC 300h,2016
539,Lexus~RC 300h~2017,Lexus,RC 300h,2017
540,Lexus~RC 300h~2018,Lexus,RC 300h,2018
541,Lexus~RC~2019,Lexus,RC,2019
542,Lexus~RX 450h~2015,Lexus,RX 450h,2015
543,Lexus~RX 450h~2016,Lexus,RX 450h,2016
544,Lexus~RX 450h~2017,Lexus,RX 450h,2017
545,Lexus~RX 450h~2018,Lexus,RX 450h,2018
546,Lexus~RX~2019,Lexus,RX,2019
547,MG~GS~2016,MG,GS,2016
548,MG~GS~2017,MG,GS,2017
549,MG~GS~2018,MG,GS,2018
550,MG~GS~2019,MG,GS,2019
551,MG~MG3~2015,MG,MG3,2015
552,MG~MG3~2016,MG,MG3,2016
553,MG~MG3~2017,MG,MG3,2017
554,MG~MG3~2018,MG,MG3,2018
555,MG~MG3~2019,MG,MG3,2019
556,MG~ZS~2017,MG,ZS,2017
557,MG~ZS~2018,MG,ZS,2018
558,MINI~Clubman~2019,MINI,Clubman,2019
559,MINI~Convertible~2019,MINI,Convertible,2019
560,MINI~Countryman~2019,MINI,Countryman,2019
561,MINI~Coupe~2015,MINI,Coupe,2015
562,MINI~Hatch~2019,MINI,Hatch,2019
563,MINI~Paceman~2015,MINI,Paceman,2015
564,MINI~Paceman~2016,MINI,Paceman,2016
565,MINI~Roadster~2015,MINI,Roadster,2015
566,Maserati~Ghibli~2015,Maserati,Ghibli,2015
567,Maserati~Ghibli~2016,Maserati,Ghibli,2016
568,Maserati~Ghibli~2017,Maserati,Ghibli,2017
569,Maserati~Ghibli~2018,Maserati,Ghibli,2018
570,Maserati~Ghibli~2019,Maserati,Ghibli,2019
571,Maserati~Granturismo~2015,Maserati,Granturismo,2015
572,Maserati~Granturismo~2016,Maserati,Granturismo,2016
573,Maserati~Granturismo~2017,Maserati,Granturismo,2017
574,Maserati~Levante~2017,Maserati,Levante,2017
575,Maserati~Levante~2018,Maserati,Levante,2018
576,Maserati~Levante~2019,Maserati,Levante,2019
577,Maserati~Quattroporte~2015,Maserati,Quattroporte,2015
578,Maserati~Quattroporte~2016,Maserati,Quattroporte,2016
579,Mazda~CX-3~2015,Mazda,CX-3,2015
580,Mazda~CX-3~2016,Mazda,CX-3,2016
581,Mazda~CX-3~2017,Mazda,CX-3,2017
582,Mazda~CX-3~2018,Mazda,CX-3,2018
583,Mazda~CX-3~2019,Mazda,CX-3,2019
584,Mazda~CX-5~2015,Mazda,CX-5,2015
585,Mazda~CX-5~2016,Mazda,CX-5,2016
586,Mazda~CX-5~2017,Mazda,CX-5,2017
587,Mazda~CX-5~2018,Mazda,CX-5,2018
588,Mazda~CX-5~2019,Mazda,CX-5,2019
589,Mazda~MX-5 RF~2017,Mazda,MX-5 RF,2017
590,Mazda~MX-5 RF~2018,Mazda,MX-5 RF,2018
591,Mazda~MX-5 RF~2019,Mazda,MX-5 RF,2019
592,Mazda~MX-5~2019,Mazda,MX-5,2019
593,Mazda~Mazda2~2015,Mazda,Mazda2,2015
594,Mazda~Mazda2~2016,Mazda,Mazda2,2016
595,Mazda~Mazda2~2017,Mazda,Mazda2,2017
596,Mazda~Mazda2~2018,Mazda,Mazda2,2018
597,Mazda~Mazda2~2019,Mazda,Mazda2,2019
598,Mazda~Mazda3~2015,Mazda,Mazda3,2015
599,Mazda~Mazda3~2016,Mazda,Mazda3,2016
600,Mazda~Mazda3~2017,Mazda,Mazda3,2017
601,Mazda~Mazda3~2018,Mazda,Mazda3,2018
602,Mazda~Mazda3~2019,Mazda,Mazda3,2019
603,Mazda~Mazda5~2015,Mazda,Mazda5,2015
604,Mazda~Mazda6~2015,Mazda,Mazda6,2015
605,Mazda~Mazda6~2016,Mazda,Mazda6,2016
606,Mazda~Mazda6~2017,Mazda,Mazda6,2017
607,Mazda~Mazda6~2018,Mazda,Mazda6,2018
608,Mazda~Mazda6~2019,Mazda,Mazda6,2019
609,McLaren~540C~2017,McLaren,540C,2017
610,McLaren~570GT~2017,McLaren,570GT,2017
611,McLaren~570S~2016,McLaren,570S,2016
612,McLaren~570S~2017,McLaren,570S,2017
613,McLaren~570S~2018,McLaren,570S,2018
614,McLaren~650S~2015,McLaren,650S,2015
615,McLaren~650S~2016,McLaren,650S,2016
616,McLaren~675LT~2016,McLaren,675LT,2016
617,McLaren~720S~2017,McLaren,720S,2017
618,McLaren~720S~2019,McLaren,720S,2019
619,Mercedes-Benz~A Class~2015,Mercedes-Benz,A Class,2015
620,Mercedes-Benz~A Class~2016,Mercedes-Benz,A Class,2016
621,Mercedes-Benz~A Class~2017,Mercedes-Benz,A Class,2017
622,Mercedes-Benz~A Class~2018,Mercedes-Benz,A Class,2018
623,Mercedes-Benz~A Class~2019,Mercedes-Benz,A Class,2019
624,Mercedes-Benz~Amg Gt~2015,Mercedes-Benz,Amg Gt,2015
625,Mercedes-Benz~Amg Gt~2016,Mercedes-Benz,Amg Gt,2016
626,Mercedes-Benz~Amg Gt~2017,Mercedes-Benz,Amg Gt,2017
627,Mercedes-Benz~Amg Gt~2018,Mercedes-Benz,Amg Gt,2018
628,Mercedes-Benz~Amg Gt~2019,Mercedes-Benz,Amg Gt,2019
629,Mercedes-Benz~B Class~2015,Mercedes-Benz,B Class,2015
630,Mercedes-Benz~B Class~2016,Mercedes-Benz,B Class,2016
631,Mercedes-Benz~B Class~2017,Mercedes-Benz,B Class,2017
632,Mercedes-Benz~B Class~2018,Mercedes-Benz,B Class,2018
633,Mercedes-Benz~B Class~2019,Mercedes-Benz,B Class,2019
634,Mercedes-Benz~C Class~2015,Mercedes-Benz,C Class,2015
635,Mercedes-Benz~C Class~2016,Mercedes-Benz,C Class,2016
636,Mercedes-Benz~C Class~2017,Mercedes-Benz,C Class,2017
637,Mercedes-Benz~C Class~2018,Mercedes-Benz,C Class,2018
638,Mercedes-Benz~C Class~2019,Mercedes-Benz,C Class,2019
639,Mercedes-Benz~CLA Class~2015,Mercedes-Benz,CLA Class,2015
640,Mercedes-Benz~CLA Class~2016,Mercedes-Benz,CLA Class,2016
641,Mercedes-Benz~CLA Class~2017,Mercedes-Benz,CLA Class,2017
642,Mercedes-Benz~CLA Class~2018,Mercedes-Benz,CLA Class,2018
643,Mercedes-Benz~CLA Class~2019,Mercedes-Benz,CLA Class,2019
644,Mercedes-Benz~CLS~2015,Mercedes-Benz,CLS,2015
645,Mercedes-Benz~CLS~2016,Mercedes-Benz,CLS,2016
646,Mercedes-Benz~CLS~2017,Mercedes-Benz,CLS,2017
647,Mercedes-Benz~CLS~2018,Mercedes-Benz,CLS,2018
648,Mercedes-Benz~CLS~2019,Mercedes-Benz,CLS,2019
649,Mercedes-Benz~Citan~2015,Mercedes-Benz,Citan,2015
650,Mercedes-Benz~E Class~2015,Mercedes-Benz,E Class,2015
651,Mercedes-Benz~E Class~2016,Mercedes-Benz,E Class,2016
652,Mercedes-Benz~E Class~2017,Mercedes-Benz,E Class,2017
653,Mercedes-Benz~E Class~2018,Mercedes-Benz,E Class,2018
654,Mercedes-Benz~E Class~2019,Mercedes-Benz,E Class,2019
655,Mercedes-Benz~G Class~2019,Mercedes-Benz,G Class,2019
656,Mercedes-Benz~GLA Class~2015,Mercedes-Benz,GLA Class,2015
657,Mercedes-Benz~GLA Class~2016,Mercedes-Benz,GLA Class,2016
658,Mercedes-Benz~GLA Class~2017,Mercedes-Benz,GLA Class,2017
659,Mercedes-Benz~GLA Class~2018,Mercedes-Benz,GLA Class,2018
660,Mercedes-Benz~GLA Class~2019,Mercedes-Benz,GLA Class,2019
661,Mercedes-Benz~GLC Class~2015,Mercedes-Benz,GLC Class,2015
662,Mercedes-Benz~GLC Class~2016,Mercedes-Benz,GLC Class,2016
663,Mercedes-Benz~GLC Class~2017,Mercedes-Benz,GLC Class,2017
664,Mercedes-Benz~GLC Class~2018,Mercedes-Benz,GLC Class,2018
665,Mercedes-Benz~GLC Class~2019,Mercedes-Benz,GLC Class,2019
666,Mercedes-Benz~GLE Class~2015,Mercedes-Benz,GLE Class,2015
667,Mercedes-Benz~GLE Class~2016,Mercedes-Benz,GLE Class,2016
668,Mercedes-Benz~GLE Class~2017,Mercedes-Benz,GLE Class,2017
669,Mercedes-Benz~GLE Class~2018,Mercedes-Benz,GLE Class,2018
670,Mercedes-Benz~GLE Class~2019,Mercedes-Benz,GLE Class,2019
671,Mercedes-Benz~GLS Class~2016,Mercedes-Benz,GLS Class,2016
672,Mercedes-Benz~GLS Class~2017,Mercedes-Benz,GLS Class,2017
673,Mercedes-Benz~GLS Class~2019,Mercedes-Benz,GLS Class,2019
674,Mercedes-Benz~M Class~2015,Mercedes-Benz,M Class,2015
675,Mercedes-Benz~S Class~2015,Mercedes-Benz,S Class,2015
676,Mercedes-Benz~S Class~2016,Mercedes-Benz,S Class,2016
677,Mercedes-Benz~S Class~2017,Mercedes-Benz,S Class,2017
678,Mercedes-Benz~S Class~2018,Mercedes-Benz,S Class,2018
679,Mercedes-Benz~S Class~2019,Mercedes-Benz,S Class,2019
680,Mercedes-Benz~SL Class~2015,Mercedes-Benz,SL Class,2015
681,Mercedes-Benz~SL Class~2016,Mercedes-Benz,SL Class,2016
682,Mercedes-Benz~SL Class~2017,Mercedes-Benz,SL Class,2017
683,Mercedes-Benz~SL Class~2019,Mercedes-Benz,SL Class,2019
684,Mercedes-Benz~SLC~2016,Mercedes-Benz,SLC,2016
685,Mercedes-Benz~SLC~2017,Mercedes-Benz,SLC,2017
686,Mercedes-Benz~SLC~2018,Mercedes-Benz,SLC,2018
687,Mercedes-Benz~SLK~2015,Mercedes-Benz,SLK,2015
688,Mercedes-Benz~SLK~2016,Mercedes-Benz,SLK,2016
689,Mercedes-Benz~V Class~2015,Mercedes-Benz,V Class,2015
690,Mercedes-Benz~V Class~2016,Mercedes-Benz,V Class,2016
691,Mercedes-Benz~V Class~2019,Mercedes-Benz,V Class,2019
692,Mercedes-Benz~Vito~2019,Mercedes-Benz,Vito,2019
693,Mercedes-Benz~X Class~2017,Mercedes-Benz,X Class,2017
694,Mercedes-Benz~X Class~2018,Mercedes-Benz,X Class,2018
695,Mercedes-Benz~X Class~2019,Mercedes-Benz,X Class,2019
696,Mitsubishi~ASX~2015,Mitsubishi,ASX,2015
697,Mitsubishi~ASX~2016,Mitsubishi,ASX,2016
698,Mitsubishi~ASX~2017,Mitsubishi,ASX,2017
699,Mitsubishi~ASX~2018,Mitsubishi,ASX,2018
700,Mitsubishi~ASX~2019,Mitsubishi,ASX,2019
701,Mitsubishi~Eclipse Cross~2018,Mitsubishi,Eclipse Cross,2018
702,Mitsubishi~Eclipse Cross~2019,Mitsubishi,Eclipse Cross,2019
703,Mitsubishi~L200~2015,Mitsubishi,L200,2015
704,Mitsubishi~L200~2016,Mitsubishi,L200,2016
705,Mitsubishi~L200~2017,Mitsubishi,L200,2017
706,Mitsubishi~L200~2018,Mitsubishi,L200,2018
707,Mitsubishi~L200~2019,Mitsubishi,L200,2019
708,Mitsubishi~Mirage~2015,Mitsubishi,Mirage,2015
709,Mitsubishi~Mirage~2016,Mitsubishi,Mirage,2016
710,Mitsubishi~Mirage~2017,Mitsubishi,Mirage,2017
711,Mitsubishi~Mirage~2018,Mitsubishi,Mirage,2018
712,Mitsubishi~Mirage~2019,Mitsubishi,Mirage,2019
713,Mitsubishi~Outlander~2015,Mitsubishi,Outlander,2015
714,Mitsubishi~Outlander~2016,Mitsubishi,Outlander,2016
715,Mitsubishi~Outlander~2017,Mitsubishi,Outlander,2017
716,Mitsubishi~Outlander~2018,Mitsubishi,Outlander,2018
717,Mitsubishi~Outlander~2019,Mitsubishi,Outlander,2019
718,Mitsubishi~Shogun~2015,Mitsubishi,Shogun,2015
719,Mitsubishi~Shogun~2016,Mitsubishi,Shogun,2016
720,Mitsubishi~Shogun~2017,Mitsubishi,Shogun,2017
721,Nissan~GT-R~2015,Nissan,GT-R,2015
722,Nissan~GT-R~2016,Nissan,GT-R,2016
723,Nissan~GT-R~2017,Nissan,GT-R,2017
724,Nissan~GT-R~2019,Nissan,GT-R,2019
725,Nissan~Juke~2015,Nissan,Juke,2015
726,Nissan~Juke~2016,Nissan,Juke,2016
727,Nissan~Juke~2017,Nissan,Juke,2017
728,Nissan~Juke~2018,Nissan,Juke,2018
729,Nissan~Juke~2019,Nissan,Juke,2019
730,Nissan~Leaf~2015,Nissan,Leaf,2015
731,Nissan~Leaf~2016,Nissan,Leaf,2016
732,Nissan~Leaf~2017,Nissan,Leaf,2017
733,Nissan~Leaf~2018,Nissan,Leaf,2018
734,Nissan~Leaf~2019,Nissan,Leaf,2019
735,Nissan~Micra~2015,Nissan,Micra,2015
736,Nissan~Micra~2016,Nissan,Micra,2016
737,Nissan~Micra~2017,Nissan,Micra,2017
738,Nissan~Micra~2018,Nissan,Micra,2018
739,Nissan~Micra~2019,Nissan,Micra,2019
740,Nissan~NV200~2015,Nissan,NV200,2015
741,Nissan~NV300~2017,Nissan,NV300,2017
742,Nissan~Navara~2015,Nissan,Navara,2015
743,Nissan~Navara~2016,Nissan,Navara,2016
744,Nissan~Navara~2017,Nissan,Navara,2017
745,Nissan~Navara~2018,Nissan,Navara,2018
746,Nissan~Navara~2019,Nissan,Navara,2019
747,Nissan~Note~2015,Nissan,Note,2015
748,Nissan~Note~2016,Nissan,Note,2016
749,Nissan~Pulsar~2015,Nissan,Pulsar,2015
750,Nissan~Pulsar~2016,Nissan,Pulsar,2016
751,Nissan~Pulsar~2017,Nissan,Pulsar,2017
752,Nissan~Pulsar~2018,Nissan,Pulsar,2018
753,Nissan~Qashqai~2015,Nissan,Qashqai,2015
754,Nissan~Qashqai~2016,Nissan,Qashqai,2016
755,Nissan~Qashqai~2017,Nissan,Qashqai,2017
756,Nissan~Qashqai~2018,Nissan,Qashqai,2018
757,Nissan~Qashqai~2019,Nissan,Qashqai,2019
758,Nissan~X-Trail~2015,Nissan,X-Trail,2015
759,Nissan~X-Trail~2016,Nissan,X-Trail,2016
760,Nissan~X-Trail~2017,Nissan,X-Trail,2017
761,Nissan~X-Trail~2018,Nissan,X-Trail,2018
762,Nissan~X-Trail~2019,Nissan,X-Trail,2019
763,Peugeot~108~2015,Peugeot,108,2015
764,Peugeot~108~2016,Peugeot,108,2016
765,Peugeot~108~2017,Peugeot,108,2017
766,Peugeot~108~2019,Peugeot,108,2019
767,Peugeot~2008~2015,Peugeot,2008,2015
768,Peugeot~2008~2016,Peugeot,2008,2016
769,Peugeot~2008~2017,Peugeot,2008,2017
770,Peugeot~2008~2018,Peugeot,2008,2018
771,Peugeot~2008~2019,Peugeot,2008,2019
772,Peugeot~208~2015,Peugeot,208,2015
773,Peugeot~208~2016,Peugeot,208,2016
774,Peugeot~208~2017,Peugeot,208,2017
775,Peugeot~208~2018,Peugeot,208,2018
776,Peugeot~208~2019,Peugeot,208,2019
777,Peugeot~3008~2015,Peugeot,3008,2015
778,Peugeot~3008~2016,Peugeot,3008,2016
779,Peugeot~3008~2017,Peugeot,3008,2017
780,Peugeot~3008~2019,Peugeot,3008,2019
781,Peugeot~308 SW~2015,Peugeot,308 SW,2015
782,Peugeot~308 SW~2016,Peugeot,308 SW,2016
783,Peugeot~308 SW~2017,Peugeot,308 SW,2017
784,Peugeot~308 SW~2019,Peugeot,308 SW,2019
785,Peugeot~308~2015,Peugeot,308,2015
786,Peugeot~308~2016,Peugeot,308,2016
787,Peugeot~308~2017,Peugeot,308,2017
788,Peugeot~308~2018,Peugeot,308,2018
789,Peugeot~308~2019,Peugeot,308,2019
790,Peugeot~5008~2015,Peugeot,5008,2015
791,Peugeot~5008~2016,Peugeot,5008,2016
792,Peugeot~5008~2017,Peugeot,5008,2017
793,Peugeot~5008~2019,Peugeot,5008,2019
794,Peugeot~508 SW~2015,Peugeot,508 SW,2015
795,Peugeot~508 SW~2016,Peugeot,508 SW,2016
796,Peugeot~508 SW~2017,Peugeot,508 SW,2017
797,Peugeot~508 SW~2019,Peugeot,508 SW,2019
798,Peugeot~508~2015,Peugeot,508,2015
799,Peugeot~508~2016,Peugeot,508,2016
800,Peugeot~508~2017,Peugeot,508,2017
801,Peugeot~508~2019,Peugeot,508,2019
802,Peugeot~Expert~2019,Peugeot,Expert,2019
803,Peugeot~Partner Tepee~2015,Peugeot,Partner Tepee,2015
804,Peugeot~Partner Tepee~2016,Peugeot,Partner Tepee,2016
805,Peugeot~Partner Tepee~2017,Peugeot,Partner Tepee,2017
806,Peugeot~RCZ~2015,Peugeot,RCZ,2015
807,Peugeot~Traveller~2017,Peugeot,Traveller,2017
808,Peugeot~Traveller~2019,Peugeot,Traveller,2019
809,Porsche~718 Boxster~2016,Porsche,718 Boxster,2016
810,Porsche~718 Boxster~2017,Porsche,718 Boxster,2017
811,Porsche~718 Boxster~2018,Porsche,718 Boxster,2018
812,Porsche~718 Boxster~2019,Porsche,718 Boxster,2019
813,Porsche~718 Cayman~2016,Porsche,718 Cayman,2016
814,Porsche~718 Cayman~2017,Porsche,718 Cayman,2017
815,Porsche~718 Cayman~2018,Porsche,718 Cayman,2018
816,Porsche~718 Cayman~2019,Porsche,718 Cayman,2019
817,Porsche~911~2015,Porsche,911,2015
818,Porsche~911~2016,Porsche,911,2016
819,Porsche~911~2017,Porsche,911,2017
820,Porsche~911~2018,Porsche,911,2018
821,Porsche~911~2019,Porsche,911,2019
822,Porsche~918~2015,Porsche,918,2015
823,Porsche~Boxster~2015,Porsche,Boxster,2015
824,Porsche~Boxster~2016,Porsche,Boxster,2016
825,Porsche~Cayenne~2015,Porsche,Cayenne,2015
826,Porsche~Cayenne~2016,Porsche,Cayenne,2016
827,Porsche~Cayenne~2017,Porsche,Cayenne,2017
828,Porsche~Cayenne~2018,Porsche,Cayenne,2018
829,Porsche~Cayenne~2019,Porsche,Cayenne,2019
830,Porsche~Cayman~2015,Porsche,Cayman,2015
831,Porsche~Cayman~2016,Porsche,Cayman,2016
832,Porsche~Macan~2015,Porsche,Macan,2015
833,Porsche~Macan~2016,Porsche,Macan,2016
834,Porsche~Macan~2017,Porsche,Macan,2017
835,Porsche~Macan~2018,Porsche,Macan,2018
836,Porsche~Macan~2019,Porsche,Macan,2019
837,Porsche~Panamera~2015,Porsche,Panamera,2015
838,Porsche~Panamera~2016,Porsche,Panamera,2016
839,Porsche~Panamera~2017,Porsche,Panamera,2017
840,Porsche~Panamera~2018,Porsche,Panamera,2018
841,Porsche~Panamera~2019,Porsche,Panamera,2019
842,Rolls-Royce~Dawn~2016,Rolls-Royce,Dawn,2016
843,Rolls-Royce~Dawn~2019,Rolls-Royce,Dawn,2019
844,Rolls-Royce~Wraith~2015,Rolls-Royce,Wraith,2015
845,Subaru~BRZ~2017,Subaru,BRZ,2017
846,Subaru~BRZ~2018,Subaru,BRZ,2018
847,Subaru~Forester~2015,Subaru,Forester,2015
848,Subaru~Forester~2016,Subaru,Forester,2016
849,Subaru~Forester~2017,Subaru,Forester,2017
850,Subaru~Forester~2018,Subaru,Forester,2018
851,Subaru~Impreza~2017,Subaru,Impreza,2017
852,Subaru~Impreza~2018,Subaru,Impreza,2018
853,Subaru~Levorg~2015,Subaru,Levorg,2015
854,Subaru~Levorg~2016,Subaru,Levorg,2016
855,Subaru~Levorg~2017,Subaru,Levorg,2017
856,Subaru~Outback~2015,Subaru,Outback,2015
857,Subaru~Outback~2016,Subaru,Outback,2016
858,Subaru~Outback~2017,Subaru,Outback,2017
859,Subaru~Outback~2018,Subaru,Outback,2018
860,Subaru~WRX STI~2015,Subaru,WRX STI,2015
861,Subaru~WRX STI~2016,Subaru,WRX STI,2016
862,Subaru~WRX STI~2017,Subaru,WRX STI,2017
863,Subaru~WRX STI~2018,Subaru,WRX STI,2018
864,Subaru~XV~2015,Subaru,XV,2015
865,Subaru~XV~2016,Subaru,XV,2016
866,Subaru~XV~2017,Subaru,XV,2017
867,Subaru~XV~2018,Subaru,XV,2018
868,Suzuki~Alto~2015,Suzuki,Alto,2015
869,Suzuki~Baleno~2016,Suzuki,Baleno,2016
870,Suzuki~Baleno~2017,Suzuki,Baleno,2017
871,Suzuki~Baleno~2018,Suzuki,Baleno,2018
872,Suzuki~Celerio~2015,Suzuki,Celerio,2015
873,Suzuki~Celerio~2016,Suzuki,Celerio,2016
874,Suzuki~Celerio~2017,Suzuki,Celerio,2017
875,Suzuki~Celerio~2018,Suzuki,Celerio,2018
876,Suzuki~Jimny~2017,Suzuki,Jimny,2017
877,Suzuki~SX4 S-Cross~2015,Suzuki,SX4 S-Cross,2015
878,Suzuki~SX4 S-Cross~2016,Suzuki,SX4 S-Cross,2016
879,Suzuki~SX4 S-Cross~2017,Suzuki,SX4 S-Cross,2017
880,Suzuki~SX4 S-Cross~2018,Suzuki,SX4 S-Cross,2018
881,Suzuki~Swift~2018,Suzuki,Swift,2018
882,Suzuki~Vitara~2015,Suzuki,Vitara,2015
883,Suzuki~Vitara~2016,Suzuki,Vitara,2016
884,Suzuki~Vitara~2017,Suzuki,Vitara,2017
885,Suzuki~Vitara~2018,Suzuki,Vitara,2018
886,Tesla~Model S~2015,Tesla,Model S,2015
887,Tesla~Model S~2016,Tesla,Model S,2016
888,Tesla~Model S~2017,Tesla,Model S,2017
889,Tesla~Model X~2017,Tesla,Model X,2017
890,Toyota~AYGO~2015,Toyota,AYGO,2015
891,Toyota~AYGO~2016,Toyota,AYGO,2016
892,Toyota~AYGO~2017,Toyota,AYGO,2017
893,Toyota~Auris~2015,Toyota,Auris,2015
894,Toyota~Auris~2016,Toyota,Auris,2016
895,Toyota~Auris~2017,Toyota,Auris,2017
896,Toyota~Auris~2018,Toyota,Auris,2018
897,Toyota~Avensis~2015,Toyota,Avensis,2015
898,Toyota~Avensis~2016,Toyota,Avensis,2016
899,Toyota~Avensis~2017,Toyota,Avensis,2017
900,Toyota~C-HR~2016,Toyota,C-HR,2016
901,Toyota~C-HR~2017,Toyota,C-HR,2017
902,Toyota~C-HR~2018,Toyota,C-HR,2018
903,Toyota~GT86~2015,Toyota,GT86,2015
904,Toyota~Hilux~2015,Toyota,Hilux,2015
905,Toyota~Hilux~2016,Toyota,Hilux,2016
906,Toyota~Hilux~2017,Toyota,Hilux,2017
907,Toyota~Hilux~2018,Toyota,Hilux,2018
908,Toyota~Land Cruiser~2015,Toyota,Land Cruiser,2015
909,Toyota~Land Cruiser~2016,Toyota,Land Cruiser,2016
910,Toyota~Land Cruiser~2017,Toyota,Land Cruiser,2017
911,Toyota~PROACE Verso~2017,Toyota,PROACE Verso,2017
912,Toyota~Prius+~2015,Toyota,Prius+,2015
913,Toyota~Prius+~2017,Toyota,Prius+,2017
914,Toyota~Prius~2015,Toyota,Prius,2015
915,Toyota~Prius~2016,Toyota,Prius,2016
916,Toyota~Prius~2017,Toyota,Prius,2017
917,Toyota~Prius~2018,Toyota,Prius,2018
918,Toyota~RAV4~2015,Toyota,RAV4,2015
919,Toyota~RAV4~2016,Toyota,RAV4,2016
920,Toyota~RAV4~2017,Toyota,RAV4,2017
921,Toyota~RAV4~2018,Toyota,RAV4,2018
922,Toyota~Verso~2015,Toyota,Verso,2015
923,Toyota~Verso~2016,Toyota,Verso,2016
924,Toyota~Verso~2017,Toyota,Verso,2017
925,Toyota~Verso~2018,Toyota,Verso,2018
926,Toyota~Yaris~2015,Toyota,Yaris,2015
927,Toyota~Yaris~2016,Toyota,Yaris,2016
928,Toyota~Yaris~2017,Toyota,Yaris,2017
929,Toyota~Yaris~2018,Toyota,Yaris,2018
930,Volkswagen~Amarok~2015,Volkswagen,Amarok,2015
931,Volkswagen~Amarok~2016,Volkswagen,Amarok,2016
932,Volkswagen~Amarok~2017,Volkswagen,Amarok,2017
933,Volkswagen~Amarok~2018,Volkswagen,Amarok,2018
934,Volkswagen~Amarok~2019,Volkswagen,Amarok,2019
935,Volkswagen~Arteon~2017,Volkswagen,Arteon,2017
936,Volkswagen~Arteon~2018,Volkswagen,Arteon,2018
937,Volkswagen~Arteon~2019,Volkswagen,Arteon,2019
938,Volkswagen~Beetle~2015,Volkswagen,Beetle,2015
939,Volkswagen~Beetle~2016,Volkswagen,Beetle,2016
940,Volkswagen~Beetle~2017,Volkswagen,Beetle,2017
941,Volkswagen~Beetle~2018,Volkswagen,Beetle,2018
942,Volkswagen~CC~2015,Volkswagen,CC,2015
943,Volkswagen~CC~2016,Volkswagen,CC,2016
944,Volkswagen~CC~2017,Volkswagen,CC,2017
945,Volkswagen~Caddy Maxi Life~2019,Volkswagen,Caddy Maxi Life,2019
946,Volkswagen~Caddy Maxi~2015,Volkswagen,Caddy Maxi,2015
947,Volkswagen~Caddy Maxi~2019,Volkswagen,Caddy Maxi,2019
948,Volkswagen~California~2017,Volkswagen,California,2017
949,Volkswagen~California~2019,Volkswagen,California,2019
950,Volkswagen~Campervan~2019,Volkswagen,Campervan,2019
951,Volkswagen~Caravelle~2017,Volkswagen,Caravelle,2017
952,Volkswagen~Caravelle~2019,Volkswagen,Caravelle,2019
953,Volkswagen~Golf SV~2015,Volkswagen,Golf SV,2015
954,Volkswagen~Golf SV~2016,Volkswagen,Golf SV,2016
955,Volkswagen~Golf SV~2017,Volkswagen,Golf SV,2017
956,Volkswagen~Golf SV~2018,Volkswagen,Golf SV,2018
957,Volkswagen~Golf SV~2019,Volkswagen,Golf SV,2019
958,Volkswagen~Golf~2015,Volkswagen,Golf,2015
959,Volkswagen~Golf~2016,Volkswagen,Golf,2016
960,Volkswagen~Golf~2017,Volkswagen,Golf,2017
961,Volkswagen~Golf~2018,Volkswagen,Golf,2018
962,Volkswagen~Golf~2019,Volkswagen,Golf,2019
963,Volkswagen~Jetta~2015,Volkswagen,Jetta,2015
964,Volkswagen~Jetta~2016,Volkswagen,Jetta,2016
965,Volkswagen~Jetta~2017,Volkswagen,Jetta,2017
966,Volkswagen~Passat~2015,Volkswagen,Passat,2015
967,Volkswagen~Passat~2016,Volkswagen,Passat,2016
968,Volkswagen~Passat~2017,Volkswagen,Passat,2017
969,Volkswagen~Passat~2018,Volkswagen,Passat,2018
970,Volkswagen~Passat~2019,Volkswagen,Passat,2019
971,Volkswagen~Polo~2019,Volkswagen,Polo,2019
972,Volkswagen~Scirocco~2015,Volkswagen,Scirocco,2015
973,Volkswagen~Scirocco~2016,Volkswagen,Scirocco,2016
974,Volkswagen~Scirocco~2017,Volkswagen,Scirocco,2017
975,Volkswagen~Scirocco~2018,Volkswagen,Scirocco,2018
976,Volkswagen~Sharan~2015,Volkswagen,Sharan,2015
977,Volkswagen~Sharan~2016,Volkswagen,Sharan,2016
978,Volkswagen~Sharan~2017,Volkswagen,Sharan,2017
979,Volkswagen~Sharan~2018,Volkswagen,Sharan,2018
980,Volkswagen~Sharan~2019,Volkswagen,Sharan,2019
981,Volkswagen~T-Roc~2018,Volkswagen,T-Roc,2018
982,Volkswagen~T-Roc~2019,Volkswagen,T-Roc,2019
983,Volkswagen~Tiguan Allspace~2018,Volkswagen,Tiguan Allspace,2018
984,Volkswagen~Tiguan Allspace~2019,Volkswagen,Tiguan Allspace,2019
985,Volkswagen~Tiguan~2015,Volkswagen,Tiguan,2015
986,Volkswagen~Tiguan~2016,Volkswagen,Tiguan,2016
987,Volkswagen~Tiguan~2017,Volkswagen,Tiguan,2017
988,Volkswagen~Tiguan~2018,Volkswagen,Tiguan,2018
989,Volkswagen~Tiguan~2019,Volkswagen,Tiguan,2019
990,Volkswagen~Touareg~2015,Volkswagen,Touareg,2015
991,Volkswagen~Touareg~2016,Volkswagen,Touareg,2016
992,Volkswagen~Touareg~2017,Volkswagen,Touareg,2017
993,Volkswagen~Touareg~2019,Volkswagen,Touareg,2019
994,Volkswagen~Touran~2015,Volkswagen,Touran,2015
995,Volkswagen~Touran~2016,Volkswagen,Touran,2016
996,Volkswagen~Touran~2017,Volkswagen,Touran,2017
997,Volkswagen~Touran~2018,Volkswagen,Touran,2018
998,Volkswagen~Touran~2019,Volkswagen,Touran,2019
999,Volkswagen~Transporter Shuttle~2015,Volkswagen,Transporter Shuttle,2015
1000,Volkswagen~Transporter Shuttle~2016,Volkswagen,Transporter Shuttle,2016
1001,Volkswagen~Transporter Shuttle~2017,Volkswagen,Transporter Shuttle,2017
1002,Volkswagen~Transporter Shuttle~2019,Volkswagen,Transporter Shuttle,2019
1003,Volkswagen~Transporter~2015,Volkswagen,Transporter,2015
1004,Volkswagen~Transporter~2016,Volkswagen,Transporter,2016
1005,Volkswagen~Transporter~2017,Volkswagen,Transporter,2017
1006,Volkswagen~Transporter~2019,Volkswagen,Transporter,2019
1007,Volkswagen~up!~2015,Volkswagen,up!,2015
1008,Volkswagen~up!~2016,Volkswagen,up!,2016
1009,Volkswagen~up!~2017,Volkswagen,up!,2017
1010,Volkswagen~up!~2018,Volkswagen,up!,2018
1011,Volkswagen~up!~2019,Volkswagen,up!,2019
1012,Volvo~S60~2015,Volvo,S60,2015
1013,Volvo~S60~2016,Volvo,S60,2016
1014,Volvo~S60~2017,Volvo,S60,2017
1015,Volvo~S60~2018,Volvo,S60,2018
1016,Volvo~S60~2019,Volvo,S60,2019
1017,Volvo~S90~2016,Volvo,S90,2016
1018,Volvo~S90~2017,Volvo,S90,2017
1019,Volvo~S90~2018,Volvo,S90,2018
1020,Volvo~S90~2019,Volvo,S90,2019
1021,Volvo~V40 Cross Country~2015,Volvo,V40 Cross Country,2015
1022,Volvo~V40 Cross Country~2016,Volvo,V40 Cross Country,2016
1023,Volvo~V40 Cross Country~2017,Volvo,V40 Cross Country,2017
1024,Volvo~V40 Cross Country~2018,Volvo,V40 Cross Country,2018
1025,Volvo~V40~2015,Volvo,V40,2015
1026,Volvo~V40~2016,Volvo,V40,2016
1027,Volvo~V40~2017,Volvo,V40,2017
1028,Volvo~V40~2018,Volvo,V40,2018
1029,Volvo~V40~2019,Volvo,V40,2019
1030,Volvo~V60 Cross Country~2017,Volvo,V60 Cross Country,2017
1031,Volvo~V60~2015,Volvo,V60,2015
1032,Volvo~V60~2016,Volvo,V60,2016
1033,Volvo~V60~2017,Volvo,V60,2017
1034,Volvo~V60~2018,Volvo,V60,2018
1035,Volvo~V60~2019,Volvo,V60,2019
1036,Volvo~V70~2015,Volvo,V70,2015
1037,Volvo~V90 Cross Country~2017,Volvo,V90 Cross Country,2017
1038,Volvo~V90 Cross Country~2019,Volvo,V90 Cross Country,2019
1039,Volvo~V90~2017,Volvo,V90,2017
1040,Volvo~V90~2018,Volvo,V90,2018
1041,Volvo~V90~2019,Volvo,V90,2019
1042,Volvo~XC60~2015,Volvo,XC60,2015
1043,Volvo~XC60~2016,Volvo,XC60,2016
1044,Volvo~XC60~2017,Volvo,XC60,2017
1045,Volvo~XC60~2018,Volvo,XC60,2018
1046,Volvo~XC60~2019,Volvo,XC60,2019
1047,Volvo~XC70~2015,Volvo,XC70,2015
1048,Volvo~XC70~2016,Volvo,XC70,2016
1049,Volvo~XC90~2015,Volvo,XC90,2015
1050,Volvo~XC90~2016,Volvo,XC90,2016
1051,Volvo~XC90~2017,Volvo,XC90,2017
1052,Volvo~XC90~2018,Volvo,XC90,2018
1053,Volvo~XC90~2019,Volvo,XC90,2019
